id;name;date;description;image;image_content_type
1;ADP Mountain Metal;2020-04-29T05:07:36;Markets;../fake-data/blob/hipster.png;image/png
2;haptic European Unit of Account 9(E.U.A.-9);2020-04-29T05:38:05;Frozen Ergonomic Sleek;../fake-data/blob/hipster.png;image/png
3;Steel Zloty;2020-04-30T01:50:57;Macao Security;../fake-data/blob/hipster.png;image/png
4;orchid;2020-04-29T17:10:26;1080p Ameliorated New York;../fake-data/blob/hipster.png;image/png
5;Tasty Park Assurance;2020-04-29T13:19:20;seize;../fake-data/blob/hipster.png;image/png
6;Research Security clear-thinking;2020-04-29T16:05:28;Unbranded Credit Card Account azure;../fake-data/blob/hipster.png;image/png
7;Manors users olive;2020-04-29T21:13:00;array;../fake-data/blob/hipster.png;image/png
8;Cheese;2020-04-29T21:37:01;Health;../fake-data/blob/hipster.png;image/png
9;payment;2020-04-30T00:45:07;foreground Avon;../fake-data/blob/hipster.png;image/png
10;AGP Tuna;2020-04-29T11:10:38;Metrics Plastic;../fake-data/blob/hipster.png;image/png
